id;project;event;category;start;end;location;guests_surnames;guests_names;coorganizer;fee;ticket_price;tags;coordinator;number_of_participants
1;Katowice DBD JazzArt;Extra Sound Jazz Showcase;interview;2021-11-26 19:00;2022-03-31 23:00;kanały online KMO;Kristina Kirik, Taras Kozak, Mykola Ryshkin, Grigorij Parshyn;KK4TET;Ukrainian Institute;bezpłatne;-;interview;Monika Madejska;-
2;Katowice DBD JazzArt;Extra Sound Jazz Showcase;interview;2021-10-29 19:00;2022-03-31 23:00;kanały online KMO;Katherine Zyabluk, Jaromir Rusnak;Zyabluk/Rusnak Quartet;Ukrainian Institute;bezpłatne;-;interview;Monika Madejska;-
3;Medialab;Green Modernism Along the Southern Section of Kościuszki Street. Walk;guided tour;2021-10-03 12:00;2021-10-03 13:00;Ulica Kościuszki;prof Ryszard Nakonieczny;-;-;bezpłatne;-;walk, kosciuszko, greenery;Oskar Adamus;-
4;Medialab;Autumn Walk Along Kościuszki Street, Formerly "Promenade to the South";guided tour;2021-10-03 10:30;2021-10-03 12:00;Ulica Kościuszki;prof Irma Kozina;-;-;bezpłatne;-;walk, promenade, history;Oskar Adamus;-
5;Medialab;Medialab Comeback: presentation of workshop results and networking;meeting;2021-10-02 19:00;2021-10-02 23:00;KMO;dr Artur Gunia, Jakub Mokrzysiak, Michał Świeboda, Monika Borycka, Monika Krzosek-Hołody, Katarzyna Janota, Anna Bil, Monika Malcherek;-;-;bezpłatne;-;meeting, networking, dj;Oskar Adamus;-
6;Medialab;Silesian Thing from the Future;workshop;2021-10-02 10:00;2021-10-02 18:00;KMO;Katarzyna Janota;-;-;bezpłatne;-;future, trends;Oskar Adamus;-
7;Medialab;Learn the Lego Serious Play method and design a solution for Katowice;workshop;2021-10-02 10:00;2021-10-02 18:00;KMO;Anna Bil, Monika Malcherek;-;-;bezpłatne;-;lego, service design, city;Oskar Adamus;-
8;Mikrogranty;call for applications;competition;2021-10-01 00:00;2021-10-25 00:00;Katowice;-;-;-;bezpłatne;-;competition, call for applications;Mariola Kulawiak;-
9;Ars Independent;Ars Independent 2021 Auditory Impressions;concert;2021-09-24 20:00;2021-09-24 23:45;Willa przy ul. Stalmacha 17;Maria W Horn;-;Spółdzielnia Socjalna Honolulu;płatne;30zł;concert, music documentary, experimental music;Matylda Badera;-
10;Katowice DBD JazzArt;Extra Sound Jazz Showcase;interview;2021-09-08 13:00;2021-09-30 23:00;Strefa Centralna KMO;Kristina Kirik, Taras Kozak, Mykola Ryshkin, Grigorij Parshyn;KK4TET;Ukrainian Institute;bezpłatne;-;interview;Monika Madejska;-
11;Katowice DBD JazzArt;Extra Sound Jazz Showcase;interview;2021-09-05 13:00;2021-09-30 23:00;Strefa Centralna KMO;Katherine Zyabluk, Jaromir Rusnak;Zyabluk/Rusnak Quartet;Ukrainian Institute;bezpłatne;-;interview;Monika Madejska;-
12;Ars Independent;Ars Independent 2021 Auditory Impressions: podcasts;podcast series;2021-09-03 20:00;2021-09-03 21:00;Radio KLANG (online);Antonina Nowacka, Teonika Rożynek, Aneta Hudzik (Eta Hox);-;Radio Klang;bezpłatne;-;podcast, experimental music;Matylda Badera;-
13;Mikrogranty;call for applications;competition;2021-09-01 00:00;2021-09-25 00:00;Katowice;-;-;-;bezpłatne;-;competition, call for applications;Mariola Kulawiak;-
14;Dzielnica Brzmi Dobrze/Katowice JazzArt Festival;Extra Sound Showcase;concert;2021-08-19 19:00;2021-08-20 22:00;Katowice Miasto Ogrodów;-;Zyabluk/Rusnak Quartet, KK4TET;Ukrainian Institute, House of Europe;https://www.interticket.pl/program/rusnakzyabluk-quartet-kk4tet-ua-6613/32885;20 PLN;ukrainian jazz, international, showcase, networking, jam session;Monika Madejska;70
15;Mikrogranty;call for applications;competition;2021-08-01 00:00;2021-08-25 00:00;Katowice;-;-;-;bezpłatne;-;competition, call for applications;Mariola Kulawiak, Natalia Zapała;12
16;My/Wy;returns;panel discussion;2021-07-25 17:00;2021-07-25 18:30;KMO;Magda Ruta;-;ŻIH, Muz. Górnoślaskie;-;-;-;-;386
17;My/Wy;returns;guided tour;2021-07-25 15:00;2021-07-25 17:00;cmentarz żydowski;Zofia Kusztal;-;ŻIH, Muz. Górnośląskie;-;-;-;-;30
18;My/Wy;returns;workshop;2021-07-24 11:00;2021-07-24 13:00;KMO;Wojciech Ciuraj;-;ŻIH, Muz. Górnośląskie;-;-;-;-;5
19;My/Wy;returns;conversation;2021-07-23 18:30;2021-07-23 19:30;KMO;Grzegorz Tomczewski, Łucja Morawska;-;ŻIH, Muz. Górnoślaskie;-;-;-;-;373
20;My/Wy;returns;exhibition opening;2021-07-23 18:00;2021-07-23 19:00;-;-;-;ŻIH, Muz. Górnoślaskie;-;-;-;-;8
21;My/Wy;returns;guided tour;2021-07-23 16:00;2021-07-23 18:00;Katowice;Paweł Graja;-;ŻIH, Muz. Górnośląskie;-;-;-;-;30
22;My/Wy;returns;concert;2021-07-22 19:00;2021-07-22 20:00;podcienie;Ola Bilińska;-;ŻIH, Muz. Górnośląskie;-;-;-;-;180
23;My/Wy;returns;art installation;2021-07-22 16:00;2021-07-25 20:00;Katowice;Rafał Kołacki;-;ŻIH, Muz. Górnośląskie;-;-;-;-;10
24;Teatrogranty 2021;Theatregrants 2021;competition;2021-07-02 12:00;2021-12-20 23:45;Katowice;-;13 teatrów nieinstytucjonalnych: Stowarzyszenie Wykonawców, Animatorów a Twórców Górnego Śląska, AMD-MEDIA Teatr Bez Sceny, Stowarzyszenie Teatr Żelazny, Stowarzyszenie „Teatr Czwarta Scena”, Stowarzyszenie Teatralne A Part, Fundacja #wszystkierodzajeteatru, Fundacja Wielki Człowiek, Katolicka Fundacja Młodzi dla Młodych , Stowarzyszenie Artyści Tułacze, Monika Wachowicz Studio Ciała i Emocji , Stowarzyszenie Pełna Kultura , Stowarzyszenie Ogrody Teatru, K&M Culture and Bisiness Exchange Sp. z. o. o.;-;-;-;-;-;-
25;Katowice JazzArt Festival;Wake the Dead;concert;2021-06-23 19:45;2021-06-23 21:00;Scena za Szybą;Morris Kliphuis, Joanna Duda;Wake the Dead;Scena Za Szybą, i-Portunus, Stichting Matchingsfonds;bezplatne;-;chamber concerts, historical instruments;Martyna van Nieuwland;20
26;27. Międzynarodowy Festiwal Sztuk Performatywnych A Part;Terminus A Quo Theatre: Go!;street performance;2021-06-20 20:00;2021-06-20 21:30;Boisko Uniwersytetu Śląskiego (ul. Moniuszki);-;-;Stowarzyszene APart;beypatne;-;-;-;-
27;27. Międzynarodowy Festiwal Sztuk Performatywnych A Part;A Part Theatre: Künstlerspiele. Scenes from the Great War;stage performance;2021-06-19 20:00;2021-06-19 21:30;Scena/Atelier Teatru A Part;-;-;Stowarzyszene APart;płatne;50 zł.;-;-;-
28;Katowice JazzArt Festival;Royber trio;concert;2021-06-19 19:00;2021-06-19 20:30;Katowice Miasto Ogrodów;Mikołaj Trzaska, Macio Moretti, Olo Walicki;Walicki/Moretti/Trzaska trio;-;płatne;30;improvisation, free jazz, trio;Martyna van Nieuwland;70
29;27. Międzynarodowy Festiwal Sztuk Performatywnych A Part;A Part Theatre: Künstlerspiele. Scenes from the Great War;stage performance;2021-06-19 18:00;2021-06-19 19:30;Scena/Atelier Teatru A Part;-;-;Stowarzyszene APart;płatne;50 zł.;-;-;-
30;URBACT - finał;District Brass Warm-Up;workshop;2021-06-19 10:00;2021-06-19 15:15;Załęże, pl. Longina;Jarosław Spałek, Krzysztof Nowakowski;Orkiestra KWK Knurów;Zespół Szkół i Placówek nr 2 - Szkoła Podstawowa nr 20;bezpłatne;-;workshops, trumpet, cajon;Dagmara Szastak, Marlena Hermanowicz, Zdzisław Smucerowicz;100
31;27. Międzynarodowy Festiwal Sztuk Performatywnych A Part;Arti Grabowski, Zbigniew Szumski: Building Conditions;stage performance;2021-06-18 20:00;2021-06-18 21:30;Sala Teatralno-Kinowa Pałacu Młodzieży;-;-;Stowarzyszene APart;płatne;50 zł;-;-;-
32;Katowice JazzArt Festival;Llovage;concert;2021-06-18 19:00;2021-06-18 22:30;Katowice Miasto Ogrodów;Jacek Prościński, Olo Walicki;Llovage;Novara Jazz Festival;płatne;30;gdansk scene, improvisation, novara jazz;Martyna van Nieuwland;30
33;27. Międzynarodowy Festiwal Sztuk Performatywnych A Part;Monika Wachowicz: Crumbs of Life;performance art;2021-06-18 18:00;2021-06-18 19:30;Katowice Miasto Ogrodów, II piętro;-;-;Stowarzyszene APart;płatne;25 złotych;-;-;-
34;27. Międzynarodowy Festiwal Sztuk Performatywnych A Part PROGRAM;Bradipoteatar (San Marino): Droplet;stage performance;2021-06-17 20:00;2021-06-17 21:30;Teatr Korez;-;-;Stowarzyszene APart;płatne;25 złotych;-;-;-
35;Katowice JazzArt Festival;Wake the Dead;residency program;2021-06-17 10:00;2021-06-24 23:00;Katowice Miasto Ogrodów;Morris Kliphuis, Joanna Duda;Wake the Dead;i-Portunus, Stichting Matchingsfonds;bezpłatne;-;residency, composition, international, photoreportage, historical;Martyna van Nieuwland;20
36;27. Międzynarodowy Festiwal Sztuk Performatywnych A Part PROGRAM;The Body Doesn't Lie;film screening;2021-06-16 20:00;2021-06-16 21:30;Kinoteatr Rialto;-;-;Stowarzyszene APart;płatne;18 i 15 złotych;-;-;-
37;27. Międzynarodowy Festiwal Sztuk Performatywnych A Part PROGRAM;A Part Theatre: Hourglass;stage performance;2021-06-15 20:00;2021-06-15 21:15;Scena/Atelier Teatru A Part;-;-;Stowarzyszene APart;płatne;40 zł;-;-;-
38;27. Międzynarodowy Festiwal Sztuk Performatywnych A Part PROGRAM;Connecting V4 Art-In-Res;seminar;2021-06-14 12:00;2021-06-14 14:00;Scena/Atelier Teatru A Part;-;-;Stowarzyszene APart;bezpłatne;-;-;-;-
39;27. Międzynarodowy Festiwal Sztuk Performatywnych A Part PROGRAM;A Part Theatre: The Rite of Spring;stage performance;2021-06-13 20:00;2021-06-13 21:15;Scena/Atelier Teatru A Part;-;-;Stowarzyszene APart;płatne;40 zł.;-;-;-
40;27. Międzynarodowy Festiwal Sztuk Performatywnych A Part PROGRAM;Holektiv (Czech Republic): Kaffeeklatsch;stage performance;2021-06-13 18:00;2021-06-13 19:30;Katowice Miasto Ogrodów, II piętro;-;-;Stowarzyszene APart;płatne;50 zł;-;-;-
41;27. Międzynarodowy Festiwal Sztuk Performatywnych A Part PROGRAM;Józef Szajna's Theatre: "Replica" and "Traces";video screening;2021-06-12 20:00;2021-06-12 21:30;Kinoteatr Rialto;-;-;Stowarzyszene APart;płatne;18 i 15 złotych;-;-;-
42;Festiwal Muzyki Świata Ogrody Dżwięków;Polmuz concert;concert;2021-06-12 19:00;2021-06-12 20:30;Katowice Miasto Ogrodów;Michał Fetler, Rafał Zapała, Ksawery Wójciński, Asia Głubiak;Polmuz;-;płatne;30/40;polish folk, experiment;Martyna van Nieuwland;60
43;Festiwal Muzyki Świata Ogrody Dżwięków;Buba Badjie Kuyateh concert;concert;2021-06-12 18:00;2021-06-12 18:45;Katowice Miasto Ogrodów;Buba Badjie Kuyateh;Buba Badjie Kuyateh;-;płatne;30/40;gambia, kora, world music;Martyna van Nieuwland;60
44;URBACT - finał;District Brass Warm-Up;workshop;2021-06-12 10:00;2021-06-12 15:30;Murcki, rynek;Jarosław Spałek, Krzysztof Nowakowski;Orkiesrta KWK Wujek, Orkiestra Wojskowa z Bytomia;Szkoła Podstawowa nr 48 w Murckach;bezpłatne;-;workshops, trumpet, cajon;Dagmara Szastak, Marlena Hermanowicz, Zdzisław Smucerowicz;100
45;27. Międzynarodowy Festiwal Sztuk Performatywnych A Part PROGRAM;Pixels: Dead;concert;2021-06-11 20:00;2021-06-11 21:30;Kinoteatr Rialto;-;-;Stowarzyszene APart;płatne;25 zł;-;-;-
46;Festiwal Muzyki Świata Ogrody Dżwięków;Babra concert (featuring Megitza);concert;2021-06-11 18:00;2021-06-11 19:30;Katowice Miasto Ogrodów;Małgorzata Babiarz, Marcin Cyzowski, Konrad Ligas, Łukasz Kurzydło,Veronika Varga, Bálint Horváth, Dániel Koller, Bence Babcsán, Dávid Pozsonyi, Benedek Rét;Babra, Megitza solo;Halmos Bela Program;płatne;30/40;folk, world music, traditional music, bass;Martyna van Nieuwland;60
47;Festiwal Muzyki Świata Ogrody Dżwięków;Babra and Megitza bands residency;residency program;2021-06-07 07:00;2021-06-14 23:00;Katowice Miasto Ogrodów;Małgorzata Babiarz, Marcin Cyzowski, Konrad Ligas, Łukasz Kurzydło,Veronika Varga, Bálint Horváth, Dániel Koller, Bence Babcsán, Dávid Pozsonyi, Benedek Réti;Babra, Megitza;Wacław Felczak Alapítvány;bezplatne;-;folk, traditional music, recording, world music, podhale;Martyna van Nieuwland;60
48;Katowice JazzArt Festival;Unhappy Ending;performance art;2021-05-30 18:00;2021-05-30 19:00;Katowice Miasto Ogrodów/Galeria Szara;Pola Dwurnik, Anna Malinowska, Kamila Drabek;-;Krupa Gallery;płatne;20;double bass, poetry, painting, interdisciplinarity;Martyna van Nieuwland;30
49;Katowice JazzArt Festival;Christopher Dell solo;video screening;2021-05-07 19:00;2021-05-07 20:00;fb,yt;Chistopher Dell;-;AntyRAMa, Plac na Glanc;bezpłatne;-;residency, vibraphone, urban planning;Martyna van Nieuwland;108
50;Katowice JazzArt Festival;Least Common Multiple;film screening;2021-04-30 21:00;2021-04-30 22:00;fb,yt;Jacek Prościński, Olo Walicki, Konrad Kulczyński;Llovage;Ars Independent Festival;bezpłatne;-;documentary, free jazz, gdansk;Martyna van Nieuwland;59
51;Katowice JazzArt Festival;Q&A with Henning Bolte;panel discussion;2021-04-30 18:30;2021-04-30 19:00;fb,yt;Henning Bolte;-;Jazz Forum;bezpłatme;-;interview, illustrations, improvisation;Martyna van Nieuwland;61
52;Katowice JazzArt Festival;DrawNotes 2.0;exhibition opening;2021-04-30 18:00;2021-04-30 18:30;fb,yt;Henning Bolte;-;Jazz Forum;bezpłatne;-;drawings, jazz, improvisation, criticism;Martyna van Nieuwland;26
53;Katowice JazzArt Festival;Katowice Music Radar with Joanna Duda;panel discussion;2021-04-28 18:00;2021-04-28 19:00;fb, yt;Joanna Duda;Przemek Sołtysik, Martyna van Nieuwland;Ars Independent Festival;bezpłatne;-;film music, composition, netflix;Mateusz Zegan;104
54;Katowice JazzArt Festival;Łukasz Ojdana solo;concert;2021-04-27 20:30;2021-04-27 21:30;Sala kameralna NOSPR;Łukasz Ojdana;-;NOSPR;płatne;40;piano solo, jazz;Martyna van Nieuwland;70
55;Katowice JazzArt Festival;Christopher Dell's residency;residency program;2021-04-23 19:00;2021-04-28 12:00;Katowice Miasto Ogrodów;Christopher Dell;-;Antyrama, Plac na Glanc;bezpłatne;-;urban planning, improvisation, vibraphone, bauhaus;Martyna van Nieuwland;200
56;Muzykogranty;call for applications;competition;2021-04-19 10:00;2021-05-07 00:00;Katowice;-;-;-;bezpłatne;-;competition, call for applications;Natalia Zapała;75
57;Nagroda im. Kazimierza Kutza;Kutz Award Gala;gala;2021-02-16 19:00;2021-02-16 21:00;Teatr Śląski Katowice/online;-;-;Teatr Śląski;-;-;-;-;-
58;Katowice JazzArt Festival;conversation about Mikołaj Trzaska's book "Wrzeszcz!";panel discussion;2021-01-13 20:00;2021-01-13 21:00;fb, yt;Janusz Jabłoński, Tomasz Gregorczyk, Mikołaj Trzaska;Martyna Markowska;Wydawnictwo Literackie, Rozmowy Improwizowane PR 2;bezplatne;-;jazz, improvised music, literature, history, avant-garde;Martyna Markowska;1200
59;Muzykodrom;Musicodrome;workshop;2021-12-11 11:30;2021-12-11 12:15;KMO, Muzykodrom;-;-;-;płatne;5;music education;Anna Czubak;-
60;Muzykodrom;Musicodrome;workshop;2021-12-04 11:30;2021-12-04 12:15;KMO, Muzykodrom;-;-;-;płatne;5;music education;Anna Czubak;-
61;Muzykodrom;Violin Di;workshop;2021-12-04 10:00;2021-12-04 11:00;KMO, Muzykodrom;-;-;-;płatne;5;music education;Anna Czubak;-
62;Katowice JazzArt Festival;Jen Shyu residency/ improvisation in duo with Rafał Mazur - Vibrating with a grass;video screening;2021-12-01 00:00;2021-12-23 23:45;internet;Jen Shyu, Rafał Mazur;-;Ambasada USA w Polsce;bezpłatne;0;deep listening, soundscape, improvisation, nature, co-vibration;Aleksandra Rudzka-Kurdyś;-
63;Muzykodrom;Musicodrome;workshop;2021-11-20 11:30;2021-11-20 12:15;KMO, Muzykodrom;-;-;-;płatne;5;music education;Anna Czubak;-
64;Muzykodrom;Violin Di;workshop;2021-11-20 10:00;2021-11-20 11:00;KMO, Muzykodrom;-;-;-;płatne;5;music education;Anna Czubak;-
65;Muzykodrom;Musicodrome;workshop;2021-11-13 11:30;2021-11-13 12:15;KMO, Muzykodrom;-;-;-;płatne;5;music education;Anna Czubak;-
66;Katowice JazzArt Festival;Jen Shyu residency / Katowice Music Radar/ Let's talk about grass;video screening;2021-11-01 00:00;2021-11-30 23:45;internet;Jen Shyu, Rafał Mazur;-;Ambasada USA w Polsce;bezpłatne;0;conversation, discussion, philosophy, jazz, jazzart, music;Aleksandra Rudzka-Kurdyś;-
67;Katowicki Orkiestrowy Uniwersytet Ludowy;Katowice Orchestral Folk University;workshop;2021-10-28 08:00;2021-10-28 10:00;Szkoła Podstawowa nr 48 im. Julisza Ligonia w Katowicach-Murckach;Jarosław Spałek, Krzysztof Nowakowski;-;-;bezpłatne;-;workshops, trumpet, cajon;Zdzisław Smucerowicz;-
68;Katowicki Orkiestrowy Uniwersytet Ludowy;Katowice Orchestral Folk University;workshop;2021-10-27 08:00;2021-10-27 10:00;Zespół Szkół i Placówek nr 2 w Katowicach-Załężu;Jarosław Spałek, Krzysztof Nowakowski;-;-;bezpłatne;-;workshops, trumpet, cajon;Zdzisław Smucerowicz;-
69;Muzykodrom;Violin Di;workshop;2021-10-23 10:00;2021-10-23 11:00;KMO, Muzykodrom;-;-;-;płatne;5;music education;Anna Czubak;-
70;Katowicki Orkiestrowy Uniwersytet Ludowy;Katowice Orchestral Folk University;workshop;2021-10-21 08:00;2021-10-21 10:00;Szkoła Podstawowa nr 48 im. Julisza Ligonia w Katowicach-Murckach;Jarosław Spałek, Krzysztof Nowakowski;-;-;bezpłatne;-;workshops, trumpet, cajon;Zdzisław Smucerowicz;-
71;Katowicki Orkiestrowy Uniwersytet Ludowy;Katowice Orchestral Folk University;workshop;2021-10-20 08:00;2021-10-20 10:00;Zespół Szkół i Placówek nr 2 w Katowicach-Załężu;Jarosław Spałek, Krzysztof Nowakowski;-;-;bezpłatne;-;workshops, trumpet, cajon;Zdzisław Smucerowicz;-
72;Muzykodrom;Musicodrome;workshop;2021-10-16 11:30;2021-10-16 12:15;KMO, Muzykodrom;-;-;-;płatne;5;music education;Anna Czubak;-
73;Muzykodrom;Musicodrome;workshop;2021-10-09 11:30;2021-10-09 12:15;KMO, Muzykodrom;-;-;-;płatne;5;music education;Anna Czubak;-
74;Katowicki Orkiestrowy Uniwersytet Ludowy;Katowice Orchestral Folk University;workshop;2021-10-06 08:00;2021-10-06 10:00;Zespół Szkół i Placówek nr 2 w Katowicach-Załężu;Jarosław Spałek, Krzysztof Nowakowski;-;-;bezpłatne;-;workshops, trumpet, cajon;Zdzisław Smucerowicz;-
75;Katowice JazzArt Festival;Jen Shyu residency/ "Zero grasses" performance;performance art;2021-10-04 19:30;2021-10-04 21:15;Katowice, KMO, sala koncertowa;Jen Shyu;-;Ambasada USA w Polsce;-;-;performance, jazz, artist, jen shyu, improvisation, usa;Aleksandra Rudzka-Kurdyś;-
76;Katowice JazzArt Festival/ Katowicki Radar Muzyczny;Jen Shyu residency/ conversation with Rafał Mazur - Katowice Music Radar - Let's talk about grass;video recording;2021-10-03 16:00;2021-10-03 20:00;Katowice, KMO, sala 211;Jen Shyu, Rafał Mazur;-;Ambasada USA w Polsce;bezpłatne;0;conversation, discussion, philosophy, jazz, jazzart, music;Aleksandra Rudzka-Kurdyś;-
77;Katowice JazzArt Festival;Jen Shyu residency/ improvisation in duo with Rafał Mazur - Vibrating with a grass;audio recording;2021-10-03 10:00;2021-10-03 13:30;Katowice, KMO, sala 105;Jen Shyu, Rafał Mazur;-;Ambasada USA w Polsce;bezpłatne;0;deep listening, soundscape, improvisation, nature, co-vibration;Aleksandra Rudzka-Kurdyś;-
78;Katowice JazzArt Festival;Jen Shyu residency/ improvisation workshops;workshop;2021-10-01 18:00;2021-10-01 20:00;Katowice, KMO, IV piętro;Jen Shyu, Arnav Sonic Shah;-;Ambasada USA w Polsce;bezpłatne;0;workshops, dance, improvisation, rollers, skate, music;Aleksandra Rudzka-Kurdyś;-
79;Katowicki Orkiestrowy Uniwersytet Ludowy;Katowice Orchestral Folk University;workshop;2021-09-30 08:00;2021-09-30 10:00;Szkoła Podstawowa nr 48 im. Julisza Ligonia w Katowicach-Murckach;Jarosław Spałek, Krzysztof Nowakowski;-;-;bezpłatne;-;workshops, trumpet, cajon;Zdzisław Smucerowicz;-
80;Katowice JazzArt Festival;Jen Shyu residency / potluck;community event;2021-09-29 18:00;2021-09-29 21:00;Katowice, KMO, Strefa Centralna;Jen Shyu;Kuczeryki;Ambasada USA w Polsce;bezpłatne;0;workshops, potluck, improvisation, tasting, jazzart, music;Aleksandra Rudzka-Kurdyś;-
81;Katowicki Orkiestrowy Uniwersytet Ludowy;Katowice Orchestral Folk University;workshop;2021-09-29 08:00;2021-09-29 10:00;Zespół Szkół i Placówek nr 2 w Katowicach-Załężu;Jarosław Spałek, Krzysztof Nowakowski;-;-;bezpłatne;-;workshops, trumpet, cajon;Zdzisław Smucerowicz;-
82;Katowice JazzArt Festival;Jen Shyu residency;residency program;2021-09-27 08:00;2021-10-05 18:00;Katowice, KMO (sala koncertowa, Strefa Centralna, 211, 105), ASP;Jen Shyu, Arnav Sonic Shah, Rafał Mazur;Kuczeryki;Amasada USA w Polsce;-;-;performance, jazz, artist, jen shyu, rafal, jazzart;Aleksandra Rudzka-Kurdyś;-
83;Muzykodrom;Musicodrome;workshop;2021-09-25 11:30;2021-09-25 12:15;KMO, 211;Agata Hofelmajer-Roś;-;-;płatne;5;music education;Anna Czubak;7
84;Muzykodrom;Violin Di;workshop;2021-09-25 10:00;2021-09-25 11:00;KMO, 211;-;-;-;płatne;5;music education;Anna Czubak;-
85;Katowicki Orkiestrowy Uniwersytet Ludowy;Katowice Orchestral Folk University;workshop;2021-09-23 08:00;2021-09-23 10:00;Szkoła Podstawowa nr 48 im. Julisza Ligonia w Katowicach-Murckach;Jarosław Spałek, Krzysztof Nowakowski;-;-;bezpłatne;-;workshops, trumpet, cajon;Zdzisław Smucerowicz;-
86;Katowicki Orkiestrowy Uniwersytet Ludowy;Katowice Orchestral Folk University;workshop;2021-09-22 08:00;2021-09-22 10:00;Zespół Szkół i Placówek nr 2 w Katowicach-Załężu;Jarosław Spałek, Krzysztof Nowakowski;-;-;bezpłatne;-;workshops, trumpet, cajon;Zdzisław Smucerowicz;-
87;Muzykodrom;Musicodrome;workshop;2021-09-18 11:30;2021-09-18 12:15;KMO, Muzykodrom;-;-;-;płatne;5;music education;Anna Czubak;7
88;Katowicki Radar Muzyczny;Conversation about Internet Radios;conversation;2021-09-15 18:00;2021-09-15 20:00;Sala 211;-;-;Radio Klang;bezpłatne;-;-;Mateusz Zegan;-
89;Kocham Katowice;Concert of the Estonian choir Collegium Musicale;concert;2021-09-12 18:15;2021-09-12 19:45;Katowice-Załężę, Kościół pw. św. Józefa, ul. Gliwicka 76;Endrik Üksvärav;Collegium Musicale;Agencja Sonora, Ministerstwo Kultury Republiki Estonii;tak;20 zł 10 zł z Kartą Mieszkańca 0 zł dla seniorów;concert, choral, collegium, estonia, arvo part, birthday;Aleksandra Rudzka-Kuryś, Michał Paduch;250
90;Biuro Dźwięku Katowice;Michal Mitro: The Edge of Sound;sound installation;2021-09-10 19:00;2021-09-10 21:00;BDK, 204;Michal Mitro;-;Visegrad Fund (zrealizowano z dotacji z 2020);bezpłatne;-;-;Zuzanna Waltoś;-
91;Biuro Dźwięku Katowice;Office in the Bar;dj set;2021-09-09 19:00;2021-09-09 23:00;JazBar Muchowiec;Piotr Ceglarek, Jan Dybała;-;More Music Agency;bezpłatne;-;-;Zuzanna Waltoś;-
92;Biuro Dźwięku Katowice;Office in the Bar;dj set;2021-09-03 19:00;2021-09-03 23:00;JazBar Muchowiec;Piotr Ceglarek, Jan Dybała;-;-;bezpłatne;-;-;Zuzanna Waltoś;30
93;Koncerty promenadowe;Music Promenade - Indian Summer - Aetas baroca;outdoor concert;2021-08-29 11:00;2021-08-29 12:15;Katowice, Park Kościuszki;Agnieszka Gorajska, Paweł Miczka, Aleksandra Rybak-Żymła, Maurycy Raczyński, Agnieszka Nowok-Zych;Aetas baroca;-;bezpłatne;-;chamber concert, promenade, early music, baroque, historical;Aleksandra Rudzka-Kurdyś;150
94;Biuro Dźwięku Katowice;Office in the Bar;dj set;2021-08-26 19:00;2021-08-26 23:00;Katowice, JazBar Muchowiec;Piotr Ceglarek, Jan Dybała;-;More Music Agency;bezpłatne;-;electronic music, experimental music, ambient, world;Zuzanna Waltoś;30
95;Koncerty promenadowe;Music Promenade - Vocal Promenade - XV National Promotional Festival "August of Talents";outdoor concert;2021-08-22 11:00;2021-08-22 12:15;Katowice, Park Kościuszki;Sylwia Ziółkowska, Natalia Płonka, Stanisław Napierała, Wiktor Yankovsky, Mirella Malorny, Alicja Kotyl;-;-;bezpłatne;-;chamber concert, promenade, vocal music, opera, operetta;Aleksandra Rudzka-Kurdyś;250
96;Biuro Dźwięku Katowice;Office in the Bar;dj set;2021-08-19 19:00;2021-08-19 23:00;Katowice, JazBar Muchowiec;Piotr Ceglarek, Jan Dybała;-;More Music Agency;bezpłatne;-;electronic music, experimental music, ambient, world;Zuzanna Waltoś;50
97;Koncerty promenadowe;Music Promenade - Organ Journeys;outdoor concert;2021-08-15 11:00;2021-08-15 12:15;Katowice, Park Kościuszki;Roman Hyla, Kazimierz Salik, Grażyna Brewińska;-;-;bezpłatne;-;chamber concert, promenade, film music, classical, popular;Aleksandra Rudzka-Kurdyś;250
98;Biuro Dźwięku Katowice;Office in the Bar;dj set;2021-08-12 19:00;2021-08-12 23:00;Katowice, JazBar Muchowiec;Piotr Ceglarek, Jan Dybała;-;More Music Agency;bezpłatne;-;electronic music, experimental music, ambient, world;Zuzanna Waltoś;50
99;Koncerty promenadowe;Music Promenade - Wind from the Mountains - PoPieronie Band;outdoor concert;2021-08-08 11:00;2021-08-08 12:15;Katowice, Park Kościuszki;Bożena Miszczyk, Zuzanna Węglarz, Wojciech Maciejowski, Brygida Sordyl, Maciej Ormaniec, Aleksandra Rudzka-Kurdyś;Kapela PoPieronie;-;bezpłatne;-;chamber concert, promenade, folk, world music, mountains;Aleksandra Rudzka-Kurdyś;250
100;Muzykodrom;Musicodrome in the Park;workshop;2021-08-08 11:00;2021-08-08 12:15;Chorzów, Park Śląski;Joanna Bronisławska;-;-;bezpłatne;-;music education;Anna Czubak;20
101;Biuro Dźwięku Katowice;Office in the Bar;dj set;2021-08-05 19:00;2021-08-06 23:00;Katowice, JazBar Muchowiec;Piotr Ceglarek, Jan Dybała;-;More Music Agency;bezpłatne;-;electronic music, experimental music, ambient, world;Zuzanna Waltoś;50
102;Koncerty promenadowe;Music Promenade - Poeticism - Zośka;outdoor concert;2021-08-01 11:00;2021-08-01 12:15;Katowice, Park Kościuszki;Weronika Jędrysik, Adam Jędrysik, Marcin Bies, Regina Gowarzewska;Zośka;-;bezpłatne;-;chamber concert, promenade, electro pop, poetry;Aleksandra Rudzka-Kurdyś;150
103;Biuro Dźwięku Katowice;Office in the Bar;dj set;2021-07-31 19:00;2021-08-01 23:00;Katowice, JazBar Muchowiec;Piotr Ceglarek, Jan Dybała;-;More Music Agency;bezpłatne;-;electronic music, experimental music, ambient, world;Zuzanna Waltoś;50
104;Koncerty promenadowe;Music Promenade - Better together - Symetrio;outdoor concert;2021-07-25 11:00;2021-07-25 12:15;Katowice, Park im. T. Kościuszki;Adam Potera, Krystain Saciłowski, Marcin Jabłoński,Jakub Kotowicz, Alicja Przytuła;Symetrio;-;bezpłatne;-;chamber concert, promenade, accordion, kosciuszko;Aleksandra Rudzka-Kurdyś;250
105;Biuro Dźwięku Katowice;Office in the Bar;dj set;2021-07-22 19:00;2021-07-22 23:00;Katowice, JazBar Muchowiec;Piotr Ceglarek, Jan Dybała;-;More Music Agency;bezpłatne;-;electronic music, experimental music, ambient, world;Zuzanna Waltoś;50
106;Biuro Dźwięku Katowice;Office in the Bar;dj set;2021-07-15 19:00;2021-07-15 23:00;Katowice, JAZ Bar Muchowiec;Piotr Ceglarek, Jan Dybała;-;More Music Agency;bezpłatne;-;electronic music, experimental music, ambient, world;Zuzanna Waltoś;50
107;Muzykodrom;Musicodrome in the Park;workshop;2021-07-11 11:00;2021-07-11 12:15;Chorzów, Park Śląski;Joanna Bronisławska;-;-;bezpłatne;-;music education;Anna Czubak;20
108;Biuro Dźwięku Katowice;Office in the Bar;dj set;2021-07-08 19:00;2021-07-09 23:00;Katowice, JazBar Muchowiec;Piotr Ceglarek, Jan Dybała;-;More Music Agency;bezpłatne;-;electronic music, experimental music, ambient, world;Zuzanna Waltoś;50
109;Biuro Dźwięku Katowice;Office in the Bar;dj set;2021-07-01 19:00;2021-07-02 23:00;Katowice, JazBar Muchowiec;Piotr Ceglarek, Jan Dybała;-;More Music Agency;bezpłatne;-;electronic music, experimental music, ambient, world;Zuzanna Waltoś;50
110;Biuro Dźwięku Katowice;Office in the Bar;dj set;2021-06-20 12:00;2021-06-20 18:00;JAZ Bar Muchowiec;Piotr Ceglarek, Jan Dybała;-;More Music Agency;bezpłatne;-;electronic music, experimental music, ambient, world;Zuzanna Waltoś;80
111;Muzykodrom;Musicodrome in the Park;workshop;2021-06-12 11:00;2021-06-12 12:15;Katowice, Park im. T. Kościuszki;Joanna Bronisławska;-;-;bezpłatne;-;music education;Anna Czubak;20
112;Katowicki Radar Muzyczny;We are from Poland. On exporting Polish music. Part three;panel discussion;2021-04-08 19:00;2021-04-08 20:00;fb, yt;Michał Hajduk;-;-;bezpłatne;-;-;Mateusz Zegan;-
113;Dzielnica Brzmi Dobrze/Katowice JazzArt Festival;DBD/JazzArt LIVE: SKIN;music performance;2021-03-14 18:00;2021-03-14 19:30;Sala koncertowa KMO;Joanna Duda, Katarzyna Pastuszak;SKIN;-;płatne;30/20;dance, visualizations, piano;Dagmara Szastak, Martyna Markowska;60
114;Dzielnica Brzmi Dobrze/Katowice JazzArt Festival;DBD/JazzArt LIVE: Alameda 5 Concert;concert;2021-02-26 19:00;2021-02-26 22:00;Sala koncertowa KMO;Rafał Iwański, Jacek Buhl, Kuba Ziołek, Piotr Michalski, Łukasz Jędrzejczak, Kacper Kowalczuk, Maciej Klich, Michał Zdrzałek, Michał Paduch;Alameda 5, Ciśnienie;-;płatne;30/20;improvised music, jazz;Dagmara Szastak, Martyna Markowska;200
115;Muzykodrom;MusicHome - online broadcast;workshop;2021-02-06 12:30;2021-02-06 13:30;Faceebok.com/ Muzykodrom;Joanna Bronisławska;-;-;bezpłatne;-;music education;Anna Czubak;156
116;Muzykodrom;MusicHome - online broadcast;workshop;2021-01-16 12:30;2021-01-16 13:30;Faceebok.com/ Muzykodrom;Joanna Bronisławska;-;-;bezpłatne;-;music education;Anna Czubak;124
117;Szwendania okoliczne;196th Silesian-Zagłębie local wandering;guided tour;2021-10-30 10:00;2021-10-30 17:00;Orzesze, Łaziska, Mikołów;-;-;-;bezpłatne;-;trip, regional, nature, ecology, seniors, children, free;Magdalena Orczewska, Paweł Graja;35
118;Szwendania okoliczne;195th Silesian-Zagłębie local wandering;guided tour;2021-10-09 10:00;2021-10-09 17:00;Trójkąt Trzech Cesarzy;-;-;-;bezpłatne;-;trip, regional, nature, ecology, seniors, children, free;Magdalena Orczewska, Paweł Graja;35
119;Medialab;Augmented Reality from basics.;workshop;2021-10-02 10:00;2021-10-02 18:00;KMO;dr Artur Gunia;-;-;bezpłatne;-;ar, technologies;Oskar Adamus;-
120;Medialab;Concrete music, field recording and sampling – producing music from found sounds.;workshop;2021-10-02 10:00;2021-10-02 18:00;KMO;Jakub Mokrzysiak, Michał Świeboda;-;-;bezpłatne;-;music, field recording, dj;Oskar Adamus;-
121;Medialab;How to design the future based on upcoming trends?;workshop;2021-10-02 10:00;2021-10-02 18:00;KMO;Monika Borycka;-;-;bezpłatne;-;future, trends;Oskar Adamus;-
122;Medialab;FLORA COGNITA... ? Plant neighbors in the smartphone era;workshop;2021-10-02 10:00;2021-10-02 18:00;KMO;Monika Krzosek-Hołody;-;-;bezpłatne;-;flowers, technologies;Oskar Adamus;-
123;Medialab;Medialab Community Meeting;meeting;2021-10-01 20:00;2021-10-01 22:00;KMO, Strefa Centralna;-;-;-;bezpłatne;-;meeting, networking;Oskar Adamus;-
124;Medialab;Gene Kogan: Art, Autonomy, and AI. Lecture;lecture;2021-10-01 19:00;2021-10-01 20:00;KMO, Strefa Centralna;Gene Kogan;-;-;bezpłatne;-;lecture, artificial intelligence, ai;Oskar Adamus;-
125;Szwendania okoliczne;194th Silesian-Zagłębie local wandering;guided tour;2021-09-18 10:00;2021-09-18 17:15;śląsk;-;-;-;bezpłatne;-;trip, regional, nature, ecology, seniors, children, free;Magdalena Orczewska, Paweł Graja;50
126;Szwendania okoliczne;193rd Silesian-Zagłębie local wandering;guided tour;2021-09-11 09:45;2021-09-11 17:00;Obszar Warowny Śląsk;Daniel Ciszowski;-;Stowarzyszenie Pro Fortalicium;bezpłatne;-;trip, regional, nature, ecology, seniors, children, free;Magdalena Orczewska, Paweł Graja;50
127;Szwendania okoliczne;192nd Silesian-Zagłębie local wandering: Farewell to the River II;guided tour;2021-06-26 09:30;2021-06-26 17:00;dorzecze rzeki sztoły, Maczki, Biała Przemsza Bukowno;-;-;-;bezpłatne;-;trip, regional, nature, ecology, seniors, children, free;Magdalena Orczewska, Paweł Graja;45
128;Szwendania okoliczne;191st Silesian-Zagłębie local wandering: Farewell to the River I;guided tour;2021-06-05 09:30;2021-06-05 17:00;dorzecze rzeki sztoły, Olkusz, Bukowno;-;-;-;bezpłatne;-;trip, regional, nature, ecology, seniors, children, free;Magdalena Orczewska, Paweł Graja;40
129;Szwendania okoliczne;190th Silesian-Zagłębie local wandering titled "Mała Panew, or a loop around the wolf land";guided tour;2021-05-29 10:00;2021-05-29 10:00;Koszęcin;-;-;-;bezpłatne;-;walk, regional, nature, inclusion, seniors, community;Magdalena Orczewska, Paweł Graja;15
130;Szwendania okoliczne;189th Silesian-Zagłębie local wandering titled "Silver city, dispersion, travertine and pine forest";guided tour;2021-05-15 10:00;2021-05-15 10:00;Olkusz, Pustynia Błędowska;-;-;-;bezpłatne;-;walk, regional, nature, inclusion, seniors, community;Magdalena Orczewska, Paweł Graja;25
131;Katowicki Chór Wirtualny;Silesian insurgent songs;online choir;2021-04-01 00:00;2021-09-12 00:00;internet;-;-;-;bezpłatne;-;music education, choir, singing, silesian uprisings;Aleksandra Rudzka-Kurdyś;-
132;Szwendania okoliczne;SUSPENDED/ 188th Silesian-Zagłębie local wandering;guided tour;2021-03-20 10:00;2021-03-20 16:45;pogranicza Śląska i Zagłębia;-;-;-;bezpłatne;-;trip, regional, nature, ecology, seniors, children, free;Magdalena Orczewska, Paweł Graja;5
133;Szwendania okoliczne;SUSPENDED/ 187th Silesian-Zagłębie local wandering;guided tour;2021-03-06 10:00;2021-03-06 16:45;pogranicza Śląska i Zagłębia;-;-;-;bezpłatne;-;trip, regional, nature, ecology, seniors, children, free;Magdalena Orczewska, Paweł Graja;5
134;Szwendania okoliczne;SUSPENDED/ 186th Silesian-Zagłębie local wandering;guided tour;2021-02-20 10:00;2021-02-20 16:30;pogranicza Śląska i Zagłębia;-;-;-;bezpłatne;-;trip, regional, nature, ecology, seniors, children, free;Magdalena Orczewska, Paweł Graja;5
135;Szwendania okoliczne;SUSPENDED/ 185th Silesian-Zagłębie local wandering;guided tour;2021-02-13 10:00;2021-02-13 16:30;pogranicza Śląska i Zagłębia;-;-;-;bezpłatne;-;trip, regional, nature, ecology, seniors, children, free;Magdalena Orczewska, Paweł Graja;5
136;Szwendania okoliczne;184th Silesian-Zagłębie local wandering;guided tour;2021-01-23 10:00;2021-01-23 16:45;pogranicza Śląska i Zagłębia;-;-;-;bezpłatne;-;trip, regional, nature, ecology, seniors, children, free;Magdalena Orczewska, Paweł Graja;5
137;Szwendania okoliczne;183rd Silesian-Zagłębie local wandering;guided tour;2021-01-09 10:00;2021-01-09 16:30;pogranicza Śląska i Zagłębia;-;-;-;bezpłatne;-;trip, regional, nature, ecology, seniors, children, free;Magdalena Orczewska, Paweł Graja;5
138;Szwendania okoliczne;Winter online wanderings;reportage;2021-01-01 12:30;2021-03-31 12:30;FB/YT/www;-;-;-;bezpłatne;-;reportage, education, heritage, historical, post-industrial;Magdalena Orczewska, Paweł Graja;-
139;Galerie Miasta Ogrodów;Photography workshop "Photography Lie"/ deaf and hard of hearing children 8 - 12 years;workshop;2021-10-23 12:00;2021-10-23 14:00;Galeria Pusta;-;-;-;bezpłatne;-;photography workshop;Kinga Hołda-Justycka;-
140;Galerie Miasta Ogrodów;Paulina Bobak / Message / online and live opening;exhibition;2021-10-22 17:00;2021-11-30 19:00;Galeria Pojedyncza;Paulina Bobak;-;ASP w Katowicach;bezpłatne;-;exhibition, contemporary art, young art;Grażyna Tereszkiewicz;-
141;Pokaz banneru artystycznego;Exhibition in open space for Katowice residents;banner display;2021-10-07 17:00;2021-12-01 19:00;Pokaz w przestrzeni miasta Katowice;-;-;-;bezpłatne;-;show for children and adults;-;-
142;Galerie Ścian Sztuki Dziecka;We're flying to the stars!;exhibition;2021-10-06 17:00;2021-11-30 19:00;Galeria Ściana Sztuki Dziecka;Agnieszka Chrzanowska - Małys;-;ACM STUDIO z Gliwic;bezpłatne;-;exhibition, contemporary art, children, adults, cosmos;-;-
143;Dom Pomocy Społecznej w Orzeszu;Exhibition in open space for Nursing Home residents and Orzesze inhabitants;children's exhibition;2021-09-30 15:00;2021-10-30 15:00;Dom Pomocy Społecznej w Orzeszu;-;-;-;bezpłatne;-;show for children and adults;Ewa Kokot;190
144;Galerie Miasta Ogrodów;Symposium within the project "In the mirror of photography. About photography in Silesia after 2010" and VII Katowice Gallery Night NOC-K;symposium;2021-09-24 16:00;2021-08-29 19:00;SALA 211;Adam Mazur, Jakub Dziewit, Anna Lorenc, Dorota Głazek, Michał Szalast, Artur Rychlicki, Anna Huth, Andrzej Zygmuntowicz , Danuta Kowalik-Dura;-;-;bezpłatne;-;-;Katarzyna Łata;-
145;Galerie Miasta Ogrodów;Adrianna Biegańska / Neotopia / online and live opening;exhibition;2021-09-23 17:00;2021-10-17 19:00;Galeria Pojedyncza;Adrianna Biegańska;-;ASP w Katowicach;bezpłatne;-;exhibition, contemporary art, painting;Grażyna Tereszkiewicz;-
146;Galerie Miasta Ogrodów;Zofia Rydet and Jerzy Lewczyński / Rhetoric of emptiness / exhibition within the project "In the mirror of photography. About photography in Silesia after 2010" and VII Katowice Gallery Night NOC-K;exhibition;2021-09-22 18:00;2021-11-28 19:00;Galeria Miasta Ogrodów;Zofia Augustyńska-Martyniak, Danuta Kowalik-Dura, Katarzyna Łata;-;-;bezpłatne;-;photography exhibition;Katarzyna Łata;-
147;Galerie Miasta Ogrodów;Anna Lewańska / Side Effects / exhibition within the project "In the mirror of photography. About photography in Silesia after 2010" and VII Katowice Gallery Night NOC-K;exhibition;2021-09-17 18:00;2021-11-28 19:00;Galeria 5;Anna Lewańska;-;-;bezpłatne;-;photography exhibition;Katarzyna Łata;-
148;Galerie Miasta Ogrodów;Antoni Kreis / WHERE ARE YOU, ANDY? / exhibition within the project "In the mirror of photography. About photography in Silesia after 2010" and VII Katowice Gallery Night NOC-K... group exhibition / Space - Interpretations 2020 / within VII Katowice Gallery Night NOC-K;exhibition;2021-09-09 18:00;2021-11-28 19:00;Galeria Engram;Antoni Kreis;-;-;bezpłatne;-;photography exhibition;Katarzyna Łata;-
149;Galerie Miasta Ogrodów;-;exhibition;2021-09-08 18:00;2021-10-20 16:00;Galeria Korez;kurator Stanisław Kulawiak;-;Okręg Dolnośląski Związku Polskich Artystów Fotografików;bezpłatne;-;photography exhibition;Katarzyna Łata;-
150;Galerie Miasta Ogrodów;Joanna Nowicka / Beautiful People / exhibition within the project "In the mirror of photography. About photography in Silesia after 2010" and VII Katowice Gallery Night NOC-K;exhibition;2021-09-02 18:00;2021-11-21 19:00;Galeria Pusta;Joanna Nowicka;-;-;bezpłatne;-;photography exhibition;Katarzyna Łata;-
151;Galerie Miasta Ogrodów;Jakub Padula / Meetings / online and live opening;exhibition;2021-08-19 17:00;2021-09-19 19:00;Galeria Pojedyncza;Jakub Padula;-;ASP w Katowicach;bezpłatne;-;exhibition, contemporary art, child, adult;Grażyna Tereszkiewicz;90
152;Galerie Ściana Sztuki Dziecka;LABORATORY OF UNEARTHLY LIGHT... Dual exhibition / exhibition "Weightlessness" [WEIGHTLESSNESS] organized within the project "CreArt. Network of Cities for Artistic Creation";children's exhibition;2021-08-15 16:00;2021-09-20 19:00;Galeria Ściana Sztuki Dziecka;-;-;Storzyszenie Arteria;bezpłatne;-;exhibition, contemporary art;Ewa Kokot;1500
153;Galerie Miasta Ogrodów;Dual Exhibition / "Weightlessness" Exhibition Organized Within the Project "CreArt. Network of Cities for Artistic Creation";exhibition;2021-07-23 18:00;2021-09-19 19:00;Galeria Miasta Ogrodów;-;-;-;bezpłatne;-;exhibition, contemporary art;Katarzyna Łata;400
154;Galerie Miasta Ogrodów;Kamila Ostaszewska / Respect garbage / online and live opening;exhibition opening;2021-07-15 17:00;2021-08-15 19:00;Galeria Pojedyncza;Kamila Ostaszewska;-;ASP w Katowicach;bezpłatne;-;exhibition, contemporary art;Grażyna Tereszkiewicz;130
155;Galerie Miasta Ogrodów;Photography workshops for deaf and hard of hearing children / Rhythm in architecture;workshop;2021-06-26 12:00;2021-06-26 14:00;KMO, Park Kościuszki w Katowicach;-;-;-;bezpłatne;-;photography workshops, deaf, hard of hearing, children;Kinga Hołda-Justycka;4
156;Ars Independent 2021 #Cronenberg;First of three Ars Ind. event installments - film screenings, animations, discussions;film screening;2021-06-25 12:00;2021-06-26 23:45;Kino światowid, mojeekino.pl, ogród KMO;Patrycja Mucha, Agnieszka Karpiel;-;-;płatne;15;film screenings, animation, discussions;Matylda Badera;250
157;Galerie Miasta Ogrodów;Natalia Wirmańska / Norymnica / online and live opening;exhibition opening;2021-06-24 17:00;2021-07-11 19:00;Galeria Pojedyncza , KMO;Natalia Wirmańska;-;współpraca z ASP w Katowicach;bezpłatne;-;exhibition, painting, contemporary art;Grażyna Tereszkiewicz;400
158;Galerie Miasta Ogrodów;Antonina Konopelska / THE WAX of POLAND / closing event 09.07.21, 6:00 PM;exhibition closing;2021-06-10 18:00;2021-07-11 19:00;Galeria Miasta Ogrodów;Antonina Konopelska;-;-;bezpłatne;-;exhibition, photography, contemporary art;Grażyna Tereszkiewicz;250
159;Galeria Ściana Sztuki Dziecka;CRYSTAL COSMOS/ CELESTIAL SPHERES;children's exhibition;2021-06-08 17:00;2021-08-07 11:00;Galeria dziecieca;Jan van Schagen;Galeria i Ośrodek Plastycznej Twórczości Dzieci;-;bezpłatne;-;exhibition, art, child, cosmos;Ewa Kokot;1500
160;Przestrzeń miasta Katowice;Children Love Art... and Cosmos;children's exhibition;2021-06-01 06:00;2021-06-01 23:45;Pokaz na telebimach w przestrzeni miasta Katowice;Marcin Wysocki;-;Visual Effect;bezpłatne;-;-;Ewa Kokot;11000
161;Galerie Miasta Ogrodów;Monika Gawron / Survival strategies. Obsession / online opening;exhibition;2021-05-27 17:00;2021-06-20 19:00;Galeria Pojedyncza,KMO;Monika Gawron;-;Współpraca z ASP w Katowicach;bezpłatne;-;exhibition, online opening;Grażyna Tereszkiewicz;150
162;Galerie Miasta Ogrodów;Photography workshop "Mirror reflection"/ deaf and hard of hearing children 8 - 12 years / online;photography workshop;2021-05-15 12:00;2021-05-15 14:00;platforma ZOOM;-;-;-;bezpłątne;-;online workshops;Kinga Hołda-Justycka;2
163;Galerie Miasta Ogrodów;Dawid Kubek / Alienation / online opening;exhibition opening;2021-04-29 17:00;2021-05-23 19:00;Galeria Pojedyncza;Dawid Kubek;-;Współpraca z ASP w Katowicach;bezpłatne;-;exhibition;Grażyna Tereszkiewicz;140
164;Galeria Ściana Sztuki Dziecka;Looking for the absolute;exhibition opening;2021-04-23 17:00;2020-05-30 17:00;Galeria realinie po otwarciu instytucji i wystawa online;-;-;-;bezpłatne;-;exhibition;Ewa Kokot;500
165;Galerie Miasta Ogrodów;Photography workshop / "Multiple exposure"/ deaf and hard of hearing youth 13 - 20 years / online;workshop;2021-04-17 12:00;2021-04-17 14:00;platforma ZOOM;-;-;-;bezpłatne;-;online workshops;Kinga Hołda-Justycka;4
166;Galerie Miasta Ogrodów;Krzysztof Ślachciak / "More likely that we are not exceptional" / online opening;exhibition;2021-04-14 18:00;2021-08-29 19:00;Galeria Pusta;Krzysztof Ślachciak;-;-;bezpłatne;-;intermedia exhibition;Katarzyna Łata;200
167;Galerie Miasta Ogrodów;Photography workshop / "Multiple exposure"/ deaf and hard of hearing children 8 - 12 years / online;workshop;2021-04-10 12:00;2021-04-10 14:00;platforma ZOOM;-;-;-;bezpłatne;-;online workshops;Kinga Hołda-Justycka;3
168;Galerie Miasta Ogrodów;Agata Knapik / Monument - Pit / video, 10:39 / online opening;exhibition;2021-03-25 17:00;2021-04-25 19:00;Galeria Pojedyncza, KMO;Agata Knapik;-;Współpraca z ASP w Katowicach;bezpłatne;-;exhibition, contemporary art;Grażyna Tereszkiewicz;500
169;Galerie Miasta Ogrodów;Teresa Solarz / Railway haven / online opening;exhibition;2021-03-17 18:00;2021-08-22 19:00;Galeria Engram, KMO;Teresa Solarz;-;-;bezpłatne;-;exhibition, photography;Katarzyna Łata;4300
170;Galerie Miasta Ogrodów;Katarzyna Gawrych-Olender's exhibition "Little London";exhibition tour;2021-02-28 12:00;2021-02-28 17:00;Galeria Engram;-;-;-;bezpłatne;-;-;Katarzyna Łata;20
171;Galerie Miasta Ogrodów;Jakub Dziewit's exhibition "This is not another Martin Parr exhibition";exhibition tour;2021-02-28 12:00;2021-02-28 17:00;Galeria 5;-;-;-;bezpłatne;-;-;Katarzyna Łata;20
172;Galerie Miasta Ogrodów;Artur Rychlicki's exhibition "Gardens of Happiness";exhibition tour;2021-02-28 12:00;2021-02-28 17:00;Galeria Pusta;-;-;-;bezpłatne;-;-;Katarzyna Łata;20
173;Galerie Miasta Ogrodów;group exhibition DISASSEMBLY;exhibition tour;2021-02-27 13:00;2021-02-27 15:00;Galeria Miasta Ogrodów;-;-;-;bezpłatne;-;-;Katarzyna Łata;20
174;Galerie Miasta Ogrodów;Katarzyna Gawrych-Olender's exhibition "Little London";exhibition tour;2021-02-27 12:00;2021-02-27 17:00;Galeria Engram;-;-;-;bezpłatne;-;-;Katarzyna Łata;20
175;Galerie Miasta Ogrodów;Jakub Dziewit's exhibition "This is not another Martin Parr exhibition";exhibition tour;2021-02-27 12:00;2021-02-27 17:00;Galeria 5;-;-;-;bezpłatne;-;-;Katarzyna Łata;20
176;Galerie Miasta Ogrodów;Artur Rychlicki's exhibition "Gardens of Happiness";exhibition tour;2021-02-27 12:00;2021-02-27 17:00;Galeria Pusta;-;-;-;bezpłatne;-;-;Katarzyna Łata;20
177;Galerie Miasta Ogrodów;Photography workshop / Drop of Imagination / for deaf and hard of hearing children and adults / online;photography workshop;2021-02-20 12:00;2021-03-20 14:00;platforma ZOOM;-;-;-;bezpłatne;-;online workshops;Kinga Hołda-Justycka;8
178;Galerie Miasta Ogrodów;Photography workshop / Drop of Imagination / deaf and hard of hearing children 8 - 12 years / online;photography workshop;2021-02-13 12:00;2021-02-13 14:00;platforma ZOOM;-;-;-;bezpłatne;-;online workshops;Kinga Hołda-Justycka;8
179;Galerie Miasta Ogrodów;Jan Kowal / Salt 2'19'' / online exhibition;online exhibition;2021-01-28 17:00;2021-02-21 19:00;Galeria Pojedyncza, KMO, FB;Jan Kowal;-;współpraca z ASP w Katowicach;bezpłatne;-;online exhibition;Grażyna Tereszkiewicz;1700
180;Galerie Miasta Ogrodów;Photography workshop "Face stained glass"/ deaf and hard of hearing children 8 - 12 years / online;photography workshop;2021-01-16 12:00;2021-01-16 14:00;platforma ZOOM;-;-;-;bezpłatne;-;online workshops;Kinga Hołda-Justycka;5
181;Galerie Miasta Ogrodów;Artur Rychlicki / Gardens of Happiness / online opening;exhibition;2020-12-16 18:00;2021-04-04 19:00;Galeria PUSTA, KMO;Artur Rychlicki;-;-;bezpłatne;-;exhibition;Katarzyna Łata;4000
182;Galerie Miasta Ogrodów;Katarzyna Gawrych-Olender / Little London / online opening;exhibition;2020-12-08 18:00;2021-02-28 19:00;Galeria Engram, KMO;Katarzyna Gawrych-Olender;-;-;bezpłatne;-;exhibition, visual arts, art at home;Katarzyna Łata;2000
183;Galerie Miasta Ogrodów;Disassembly / group exhibition / within the project "CreArt. Network of Cities for Artistic Creation";exhibition;2020-12-03 18:00;2021-03-21 19:00;Galeria Miasta Ogrodów, KMO;Kornel Janczy, Karolina Freino, Bartek Buczek, Przemek Branas, Mikołaj Szpaczyński, Małgorzata Szymankiewicz;-;-;bezpłatne;-;exhibition, creart network, artistic creation;Katarzyna Stalicka;2000
184;Przestrzenie Sztuki;Contemporary dance;dance workshop;2021-10-27 19:15;2021-10-27 20:45;KMO sala 211;-;-;-;-;-;workshops, dance, education;Izabela Olszowska;-
185;Przestrzenie Sztuki;Folk dance, dance party;dance workshop;2021-10-27 18:00;2021-10-27 22:00;KMO sala baletowa;-;-;-;płatne;-;workshops, dance, education;Izabela Olszowska;-
186;Przestrzenie Sztuki;TeraInoTera;dance workshop;2021-10-26 19:00;2021-10-26 21:00;KMO sala baletowa;-;-;-;bezpłatne;-;workshops, dance, education;Izabela Olszowska;-
187;Muzyczna Scena Edukacyjna;Musical Education Scene;workshop;2021-10-26 10:30;2021-10-26 11:30;Katolicka Fundacja Dzieciom, ul. Kilińskiego 15, Katowice;-;-;-;bezpłatne;-;education, art, children;Zdzisław Smucerowicz;-
188;Przestrzenie Sztuki;Let everyone start dancing;dance workshop;2021-10-24 10:00;2021-10-24 12:00;KMO sala 211;-;-;-;-;-;workshops, dance, education;Izabela Olszowska;-
189;FUTURE ARTIST- Konstelacje;Creative workshops at the organizer's headquarters;workshop;2021-10-23 12:00;2021-10-23 13:30;Dom Pomocy Społecznej w Orzeszu;-;-;-;-;-;-;Ewa Kokot;-
190;Przestrzenie Sztuki;Let everyone start dancing;dance workshop;2021-10-23 10:00;2021-10-23 12:00;KMO sala 211;-;-;-;-;-;workshops, dance, education;Izabela Olszowska;-
191;FUTURE ARTIST- Konstelacje;Creative workshops and exhibition guided tours;workshop;2021-10-23 10:00;2021-10-23 11:30;Galerie KMO;-;-;-;-;-;-;Ewa Kokot;-
192;Przestrzenie Sztuki;Folk dance - Hacocoki;dance workshop;2021-10-22 18:00;2021-10-22 19:30;KMO sala baletowa;-;-;-;płatne;-;workshops, dance, education;Izabela Olszowska;-
193;Przestrzenie Sztuki;Let everyone start dancing;dance workshop;2021-10-22 10:00;2021-10-22 12:00;KMO sala 211;-;-;-;-;-;workshops, dance, education;Izabela Olszowska;-
194;Przestrzenie Sztuki;Dance cinema;film screening;2021-10-21 19:00;2021-10-21 21:00;KMO Strefa Centralna;-;-;-;bezpłatne;-;film, dance;Izabela Olszowska;-
195;Przestrzenie Sztuki;TeraInoTera;dance workshop;2021-10-21 18:00;2021-10-21 20:00;KMO sala baletowa;-;-;-;bezpłatne;-;workshops, dance, education;Izabela Olszowska;-
196;Przestrzenie Sztuki;Let everyone start dancing;dance workshop;2021-10-21 10:00;2021-10-21 12:00;KMO sala 211;-;-;-;-;-;workshops, dance, education;Izabela Olszowska;-
197;Przestrzenie Sztuki;Contemporary dance;dance workshop;2021-10-20 19:15;2021-10-20 21:45;KMO sala 211;-;-;-;-;-;workshops, dance, education;Izabela Olszowska;-
198;Przestrzenie Sztuki;More years means more life!;dance workshop;2021-10-20 10:00;2021-10-20 11:00;KMO sala 211;-;-;-;płatne;-;workshops, dance, education;Izabela Olszowska;-
199;Przestrzenie Sztuki;Let everyone start dancing;dance workshop;2021-10-20 10:00;2021-10-20 12:00;KMO sala koncertowa;-;-;-;-;-;workshops, dance, education;Izabela Olszowska;-
200;Przestrzenie Sztuki;TeraInoTera;dance workshop;2021-10-19 19:00;2021-10-19 21:00;KMO sala baletowa;-;-;-;bezpłatne;-;workshops, dance, education;Izabela Olszowska;-
201;Muzyczna Scena Edukacyjna;Musical Education Scene;workshop;2021-10-19 11:00;2021-10-19 12:00;Ośrodek Rehabilitacyjno-Edukacyjno-Wychowawczy w Lędzinach, ul. Lędzińska 6;-;-;-;bezpłatne;-;education, art, children;Zdzisław Smucerowicz;-
202;Przestrzenie Sztuki;Let everyone start dancing;dance workshop;2021-10-19 10:00;2021-10-19 12:00;KMO sala 211;-;-;-;-;-;workshops, dance, education;Izabela Olszowska;-
203;Muzyczna Scena Edukacyjna;Musical Education Scene;workshop;2021-10-18 16:00;2021-10-18 17:00;Świetlica Środowiskowa św. Wojciecha, ul. Chopina 14/1;-;-;-;bezpłatne;-;education, art, children, youth;Zdzisław Smucerowicz;-
204;Przestrzenie Sztuki;Let everyone start dancing;dance workshop;2021-10-18 10:00;2021-10-18 12:00;KMO sala 211;-;-;-;-;-;workshops, dance, education;Izabela Olszowska;-
205;Ambasador Polszczyzny;Polish Language Ambassador Gala, Magdalena Kumorek&Tubis Trio concert;award ceremony;2021-10-16 17:00;2021-10-16 19:30;KMO sala koncertowa, 211;Magdalena Kumorek;-;-;płatne;30,- 15,-;award ceremony, competition, concert;Izabela Olszowska;-
206;Przestrzenie Sztuki;Dance jam;dance workshop;2021-10-15 19:30;2021-10-15 21:00;KMO sala 211;-;-;-;bezpłatne;-;workshops, dance, education;Izabela Olszowska;-
207;Przestrzenie Sztuki;Folk dance - Hacocoki;dance workshop;2021-10-15 18:00;2021-10-15 19:30;KMO sala baletowa;-;-;-;płatne;-;workshops, dance, education;Izabela Olszowska;-
208;Przestrzenie Sztuki;TeraInoTera;dance workshop;2021-10-14 18:00;2021-10-14 20:00;KMO sala baletowa;-;-;-;bezpłatne;-;workshops, dance, education;Izabela Olszowska;-
209;Przestrzenie Sztuki;Contemporary dance;dance workshop;2021-10-13 19:15;2021-10-13 20:45;KMO sala 211;-;-;-;-;-;workshops, dance, education;Izabela Olszowska;-
210;Muzyczna Scena Edukacyjna;Musical Education Scene;workshop;2021-10-13 16:00;2021-10-13 17:00;Świetlica Środowiskowa św. Brata Alberta;-;-;-;bezpłatne;-;education, art, children, youth;Zdzisław Smucerowicz;-
211;Przestrzenie Sztuki;More years means more life!;dance workshop;2021-10-13 10:00;2021-10-13 11:00;KMO sala 211;-;-;-;płatne;-;workshops, dance, education;Izabela Olszowska;-
212;Przestrzenie Sztuki;Let everyone start dancing;dance workshop;2021-10-13 10:00;2021-10-13 12:00;Załęże;-;-;-;bezpłatne;-;workshops, dance, education;Izabela Olszowska;-
213;Przestrzenie Sztuki;TeraInoTera;dance workshop;2021-10-12 19:00;2021-10-12 21:00;KMO sala baletowa;-;-;-;bezpłatne;-;workshops, dance, education;Izabela Olszowska;-
214;Muzyczna Scena Edukacyjna;Musical Education Scene;workshop;2021-10-12 16:00;2021-10-12 17:00;Giszowiec, Świetlica Środowiskowa św. Barbary, ul. Młodzieżowa 10;-;-;-;bezpłatne;-;education, art, children, youth;Zdzisław Smucerowicz;-
215;Muzyczna Scena Edukacyjna;Musical Education Scene;workshop;2021-10-12 10:30;2021-10-12 11:30;Katolicka Fundacja Dzieciom, ul. Kilińskiego 15, Katowice;-;-;-;bezpłatne;-;education, art, children;Zdzisław Smucerowicz;-
216;Muzyczna Scena Edukacyjna;Musical Education Scene;workshop;2021-10-11 15:30;2021-10-11 17:00;Murcki, Świetlica Środowiskowa św. Agaty. ul. Solskiego 2;-;-;-;bezpłatne;-;education, art, children, youth;Zdzisław Smucerowicz;-
217;Przestrzenie Sztuki;Meanwhile;dance theater performance;2021-10-09 18:30;2021-10-09 19:30;KMO sala 211;-;-;-;bezpłatne;-;performance, dance;Izabela Olszowska;-
218;FUTURE ARTIST- Konstelacje;Online workshops and creative worksheets;workshop;2021-10-09 15:15;2021-10-09 16:45;Spotkanie on-line;-;-;SP nr 37 i Przedszkole nr 35 w Katowicach, Studio ACM w Gliwicach , ZS nr 1 w Katowicach;-;-;-;Ewa Kokot;-
219;FUTURE ARTIST- Konstelacje;Meeting with an artist and creative workshops;workshop;2021-10-09 12:00;2021-10-09 15:00;Sala 211;Joanna Jurga;-;-;-;-;-;Ewa Kokot;-
220;Przestrzenie Sztuki;Folk dance - Hacocoki;dance workshop;2021-10-08 18:00;2021-10-08 19:30;KMO sala baletowa;-;-;-;płatne;-;dance, workshops, education;Izabela Olszowska;-
221;Przestrzenie Sztuki;TeraInoTera;dance workshop;2021-10-07 18:00;2021-10-07 20:00;KMO sala baletowa;-;-;-;bezpłatne;-;dance, workshops, education;Izabela Olszowska;-
222;Przestrzenie Sztuki;Contemporary dance;dance workshop;2021-10-06 19:15;2021-10-06 20:45;KMO sala koncertowa;-;-;-;-;-;dance, workshops, education;Izabela Olszowska;-
223;Muzyczna Scena Edukacyjna;Musical Education Scene;workshop;2021-10-06 14:30;2021-10-06 15:30;Dąb, Świetlica Środowiskowa Caritas, ul. Dębowa 23;-;-;-;bezpłatne;-;education, art, children;Zdzisław Smucerowicz;-
224;Przestrzenie Sztuki;More years means more life!;dance workshop;2021-10-06 10:00;2021-10-06 11:00;KMO sala 211;-;-;-;płatne;-;dance, workshops, education;Izabela Olszowska;-
225;Przestrzenie Sztuki;TeraInoTera;dance workshop;2021-10-05 19:00;2021-10-05 21:00;KMO sala baletowa;-;-;-;bezpłatne;-;dance, workshops, education;Izabela Olszowska;-
226;Muzyczna Scena Edukacyjna;Musical Education Scene;workshop;2021-10-05 11:00;2021-10-05 12:00;Środowiskowy Dom Samopomocy w Lędzinach, ul. Lędzińska 26;-;-;-;bezpłatne;-;education, art, children;Zdzisław Smucerowicz;-
227;Muzyczna Scena Edukacyjna;Musical Education Scene;workshop;2021-10-04 16:00;2021-10-04 17:00;Załęże, Świetlica Specjalistyczna nr 3, pl. Gliwicka 74a;-;-;-;bezpłatne;-;education, art, children, youth;Zdzisław Smucerowicz;-
228;Przestrzenie Sztuki;classes for professional dancers;dance workshop;2021-10-03 10:00;2021-10-31 18:00;KMO sala 211/AKademia Muzyczna;-;-;-;bezpłatne;-;dance, workshops, education;Izabela Olszowska;-
229;Przestrzenie Sztuki;Anamnesis;dance theater performance;2021-10-02 18:30;2021-10-02 19:30;KMO sala koncertowa;-;-;-;płatne;-;performance, dance;Izabela Olszowska;-
230;FUTURE ARTIST- Konstelacje;Online workshops and creative worksheets;workshop;2021-10-02 12:00;2021-10-02 13:00;Spotkanie on-line;-;-;Stowarzyszenie Arteria;-;-;-;Ewa Kokot;-
231;FUTURE ARTIST- Konstelacje;Creative workshops and exhibition guided tours;workshop;2021-10-02 10:00;2021-10-02 11:30;Galerie KMO;-;-;-;-;-;-;Ewa Kokot;-
232;Przestrzenie Sztuki;Anamnesis;dance theater performance;2021-10-01 18:30;2021-10-01 19:30;KMO sala koncertowa;-;-;-;płatne;-;performance, dance;Izabela Olszowska;-
233;Muzyczna Scena Edukacyjna;Musical Education Scene;workshop;2021-09-29 15:30;2021-09-29 16:30;Brynów, Świetlica Specjalistyczna nr 1, ul. Orkana 7a;-;-;-;bezpłatne;-;education, art, children, youth;Zdzisław Smucerowicz;-
234;Muzyczna Scena Edukacyjna;Musical Education Scene;workshop;2021-09-28 10:15;2021-09-28 11:30;Katolicka Fundacja Dzieciom, ul. Kilińskiego 15, Katowice;-;-;-;bezpłatne;-;education, art, children;Zdzisław Smucerowicz;22
235;FUTURE ARTIST-konstelacje;Creative workshops and exhibition guided tours;workshop;2021-09-25 17:00;2021-09-25 18:30;Galeria Miasta Ogrodów;Marta Staciwa;-;Szkoła nr 37 w Katowicach, Świetlica Saturna w Czeladzi;bezpłatne;-;-;-;-
236;FUTURE ARTIST-konstelacje;Creative workshops and exhibition guided tours;workshop;2021-09-24 13:30;2021-09-25 15:00;Galeria Miasta Ogrodów;Marta Staciwa;-;Dom Pomocy Społecznej w Orzeszu;bezpłatne;-;-;-;-
237;Muzyczna Scena Edukacyjna;Musical Education Scene;workshop;2021-09-23 15:15;2021-09-23 16:15;Szopienice, Świetlica Specjalistyczna nr 2, pl. Powstańców 3;-;-;-;bezpłatne;-;education, art, children, youth;Zdzisław Smucerowicz;10
238;Muzyczna Scena Edukacyjna;Musical Education Scene;workshop;2021-09-22 15:00;2021-09-22 16:00;Ligota, Świetlica Specjalistyczna nr 4, ul. Świdnicka 35a;-;-;-;bezpłatne;-;education, art, children, youth;Zdzisław Smucerowicz;14
239;Muzyczna Scena Edukacyjna;Musical Education Scene;workshop;2021-09-21 15:30;2021-09-21 16:30;Zawodzie, Świetlica Specjalistyczna nr 5, ul. Czecha 2;-;-;-;bezpłatne;-;education, art, children, youth;Zdzisław Smucerowicz;13
240;Muzyczna Scena Edukacyjna;Musical Education Scene;workshop;2021-09-21 10:15;2021-09-21 11:30;Katolicka Fundacja Dzieciom, ul. Kilińskiego 15, Katowice;-;-;-;bezpłatne;-;education, art, children;Zdzisław Smucerowicz;18
241;FUTURE ARTIST-konstelacje;Online workshops or creative worksheets;workshop;2021-09-18 11:30;2021-09-18 13:00;Spotkanie online;-;-;Stowarzyszenie Arteria , DPS Orzesze;-;-;-;-;-
242;FUTURE ARTIST-konstelacje;Creative workshops and exhibition guided tours;workshop;2021-09-18 10:00;2021-09-12 11:30;Pokój Sztuki Dziecka;-;-;-;-;-;-;-;-
243;FUTURE ARTIST-konstelacje;Creative workshops and exhibition guided tours;workshop;2021-09-11 11:30;2021-09-11 13:00;Spotkanie online;-;-;Przedszkole nr 35 , ZS nr 1 w Katowicach;-;-;-;-;-
244;FUTURE ARTIST-konstelacje;Creative workshops and exhibition guided tours;exhibition opening;2021-09-10 18:00;2021-09-10 19:30;Galeria Sztuki Współczesnej BWA Katowice;-;-;-;-;-;-;-;-
245;Muzyczna Scena Edukacyjna;Rhythms and melody conquer the world!;workshop;2021-08-26 10:00;2021-08-26 17:30;sala 105;-;-;-;bezpłatne;-;education, art, children, youth;Zdzisław Smucerowicz;11
246;Muzyczna Scena Edukacyjna;Rhythms and melody conquer the world!;workshop;2021-08-24 10:00;2021-08-24 17:30;sala 105;-;-;-;bezpłatne;-;education, art, children, youth;Zdzisław Smucerowicz;15
247;Muzyczna Scena Edukacyjna;Rhythms and melody conquer the world!;workshop;2021-08-19 10:00;2021-08-19 17:30;sala 105;-;-;-;bezpłatne;-;education, art, children, youth;Zdzisław Smucerowicz;30
248;Muzyczna Scena Edukacyjna;Rhythms and melody conquer the world!;workshop;2021-08-17 10:00;2021-08-17 17:30;sala 105;-;-;-;bezpłatne;-;education, art, children, youth;Zdzisław Smucerowicz;18
249;FUTRE ARTIST- Konstelacje;Banner display and creative workshops;workshop;2021-08-15 16:00;2021-08-15 17:00;Galeria Ściana Sztuki Dziecka;Ewa Kokot;-;Dzieci i dorośli- rodziny Miejskim Ośrodku Kultury, Sportu i Rekreacji w Chełmku oraz pobliskich terenach leśnych i nad rzeką Przemszą.;bezpłatne;-;education, art, children, youth;Ewa Kokot;48
250;FUTRE ARTIST- Konstelacje;Guided tours and creative workshops with contemporary art;guided tour;2021-08-15 14:00;2021-08-15 15:00;Galeria Ściana Sztuki Dziecka;Ewa Kokot;-;Dzieci i dorośli- rodziny Miejskim Ośrodku Kultury, Sportu i Rekreacji w Chełmku oraz pobliskich terenach leśnych i nad rzeką Przemszą.;bezpłatne;-;education, art, children, youth;Ewa Kokot;50
251;Muzyczna Scena Edukacyjna;Rhythms and melody conquer the world!;guided tour;2021-08-12 10:00;2021-08-12 17:30;sala 105;-;-;-;bezpłatne;-;education, art, children, youth;Zdzisław Smucerowicz;18
252;Muzyczna Scena Edukacyjna;Rhythms and melody conquer the world!;workshop;2021-08-10 10:00;2021-08-10 17:30;sala 105;-;-;-;bezpłatne;-;education, art, children, youth;Zdzisław Smucerowicz;13
253;FUTRE ARTIST- Konstelacje;Guided tours and creative workshops with contemporary art;guided tour;2021-08-08 12:00;2021-08-31 13:30;Galeria Sztuki Współczesnej BWA Katowice;Irma Kozina;-;Dzieci i dorośli indywidualni oraz grupy zorganizowane;bezpłatne;-;education, art, children, youth;Ewa Kokot;29
254;Muzyczna Scena Edukacyjna;Rhythms and melody conquer the world!;workshop;2021-08-05 10:00;2021-08-05 17:30;sala 105;-;-;-;bezpłatne;-;education, art, children, youth;Zdzisław Smucerowicz;20
255;Muzyczna Scena Edukacyjna;Rhythms and melody conquer the world!;workshop;2021-08-03 10:00;2021-08-03 17:30;sala 105;-;-;-;bezpłatne;-;education, art, children, youth;Zdzisław Smucerowicz;22
256;FUTRE ARTIST- Konstelacje;Guided tours and creative workshops with contemporary art;;2021-07-31 12:00;2021-07-31 13:30;Galeria Sztuki Współczesnej BWA Katowice;-;-;Dzieci i dorośli- familijne;bezpłatne;-;education, art, children, youth;Ewa Kokot;30
257;FUTRE ARTIST- Konstelacje;Creative workshops with contemporary art;online meeting;2021-07-15 17:30;2021-07-30 10:00;Spotkanie on-line;Ewa Kokot;-;Dzieci wraz z opiekunami;bezpłatne;-;education, art, children, youth;Ewa Kokot;31
258;Muzyczna Scena Edukacyjna;Rhythms and melody conquer the world!;workshop;2021-07-12 10:00;2021-07-16 17:30;sala 105;-;-;-;bezpłatne;-;education, art, children, youth;Zdzisław Smucerowicz;103
259;FUTRE ARTIST- Konstelacje;Guided tours and creative workshops with contemporary art;guided tour;2021-07-11 16:00;2021-07-11 17:00;Galeria Ściana Sztuki Dziecka;Ewa Kokot;-;Dzieci i dorośli- rodziny Miejskim Ośrodku Kultury, Sportu i Rekreacji w Chełmku oraz pobliskich terenach leśnych i nad rzeką Przemszą.;bezpłatne;-;education, art, children, youth;Ewa Kokot;15
260;FUTRE ARTIST- Konstelacje;Guided tours and creative workshops with contemporary art;guided tour;2021-07-11 14:00;2021-07-11 15:00;Galeria Ściana Sztuki Dziecka;Ewa Kokot;-;Dzieci i dorośli- rodziny Miejskim Ośrodku Kultury, Sportu i Rekreacji w Chełmku oraz pobliskich terenach leśnych i nad rzeką Przemszą.;bezpłatne;-;education, art, children, youth;Ewa Kokot;15
261;Muzyczna Scena Edukacyjna;Rhythms and melody conquer the world!;workshop;2021-07-07 10:00;2021-07-09 17:30;sala 105;-;-;-;bezpłatne;-;education, art, children, youth;Zdzisław Smucerowicz;76
262;Muzyczna Scena Edukacyjna;Musical Education Scene;workshop;2021-06-29 10:30;2021-06-29 11:30;Katolicka Fundacja Dzieciom, ul. Kilińskiego 15, Katowice;-;-;-;bezpłatne;-;education, art, children;Zdzisław Smucerowicz;20
263;FUTURE ARTIST-Konstelacje;Creative workshops with contemporary art;online workshop;2021-06-26 12:00;2021-06-26 13:30;Spotkanie on-line SP nr 37 w Katowicach, ZSP nr 1 w Katowicach;-;-;-;bezpłatne;-;education, visual art, children, adults, youth;-;10
264;FUTURE ARTIST-Konstelacje;Creative workshops with contemporary art;creative workshop;2021-06-26 10:00;2021-06-26 11:30;Warsztaty twórcze;-;-;-;bezpłatne;-;education, visual art, children, adults, youth;-;14
265;FUTURE ARTIST-Konstelacje;Creative workshops with contemporary art;online workshop;2021-06-19 12:00;2021-06-19 13:30;Spotkanie on-line przedszkole nr 35 w Katowicach, Świetlica Socjoterapeutyczna w Czeladzi;-;-;-;bezpłatne;-;education, visual art, children, adults, youth;-;34
266;FUTURE ARTIST-Konstelacje;Creative workshops with contemporary art;creative workshop;2021-06-19 10:00;2021-06-19 11:30;Warsztaty twócze;-;-;-;bezpłatne;-;education, visual art, children, adults, youth;-;15
267;Muzyczna Scena Edukacyjna;Musical Education Scene;workshop;2021-06-17 14:30;2021-06-17 15:30;Szopienice, Świetlica Specjalistyczna nr 2, pl. Powstańców 3;-;-;-;bezpłatne;-;education, art, children, youth;Zdzisław Smucerowicz;8
268;Muzyczna Scena Edukacyjna;Musical Education Scene;workshop;2021-06-16 15:30;2021-06-16 16:30;Zawodzie, Świetlica Specjalistyczna nr 5, ul. Czecha 2;-;-;-;bezpłatne;-;education, art, children, youth;Zdzisław Smucerowicz;11
269;Muzyczna Scena Edukacyjna;Musical Education Scene;workshop;2021-06-16 13:30;2021-06-16 14:30;Dąb, Świetlica Środowiskowa Caritas, ul. Dębowa 23;-;-;-;bezpłatne;-;education, art, children;Zdzisław Smucerowicz;6
270;Muzyczna Scena Edukacyjna;Musical Education Scene;workshop;2021-06-15 10:30;2021-06-15 11:30;Katolicka Fundacja Dzieciom, ul. Kilińskiego 15, Katowice;-;-;-;bezpłatne;-;education, art, children;Zdzisław Smucerowicz;25
271;Muzyczna Scena Edukacyjna;Musical Education Scene;workshop;2021-06-14 16:00;2021-06-14 17:00;Świetlica Środowiskowa św. Wojciecha, ul. Chopina 14/1;-;-;-;bezpłatne;-;education, art, children, youth;Zdzisław Smucerowicz;8
272;FUTURE ARTIST-Konstelacje;Creative workshops with contemporary art;online workshop;2021-06-12 12:00;2021-06-12 13:30;Spotkanie on-line Stowarzyszenie Arteria i DPS Orzesze;-;-;-;bezpłatne;-;education, visual art, children, adults, youth;-;33
273;FUTURE ARTIST-Konstelacje;Creative workshops with contemporary art;creative workshop;2021-06-12 10:00;2021-06-12 11:30;Plener artystyczny w Parku Kościuszki w Katowicach dla dzieci indywidualnych.;-;-;-;bezpłatne;-;education, visual art, children, adults, youth;-;15
274;Muzyczna Scena Edukacyjna;Musical Education Scene;workshop;2021-06-07 15:30;2021-06-07 16:30;Załęże, Świetlica Specjalistyczna nr 3, pl. Gliwicka 74a;-;-;-;bezpłatne;-;education, art, children, youth;Zdzisław Smucerowicz;5
275;Muzyczna Scena Edukacyjna;Musical Education Scene;workshop;2021-06-02 15:00;2021-06-02 16:00;Ligota, Świetlica Specjalistyczna nr 4, ul. Świdnicka 35a;-;-;-;bezpłatne;-;education, art, children, youth;Zdzisław Smucerowicz;11
276;Muzyczna Scena Edukacyjna;Musical Education Scene;workshop;2021-06-01 10:30;2021-06-01 11:30;Katolicka Fundacja Dzieciom, ul. Kilińskiego 15, Katowice;-;-;-;bezpłatne;-;education, art, children;Zdzisław Smucerowicz;-
277;Muzyczna Scena Edukacyjna;Musical Education Scene;workshop;2021-05-25 10:30;2021-05-25 11:30;Katolicka Fundacja Dzieciom, ul. Kilińskiego 15, Katowice;-;-;-;bezpłatne;-;education, art, children;Zdzisław Smucerowicz;24
278;Muzyczna Scena Edukacyjna;Musical Education Scene;workshop;2021-05-24 15:00;2021-05-24 16:30;Murcki, Świetlica Środowiskowa św. Agaty. ul. Solskiego 2;-;-;-;bezpłatne;-;education, art, children, youth;Zdzisław Smucerowicz;20
279;FUTURE ARTIST-Konstelacje;Online workshops or creative worksheets;workshop;2021-05-22 12:00;2021-05-22 12:30;warsztaty twócze on-line;-;-;Szkoła Podstawowa NR 1 w Katowicach- wychowaca;bezpłatne;-;education, art, children, adults;Ewa Kokot;11
280;FUTURE ARTIST-Konstelacje;Online workshops or creative worksheets;workshop;2021-05-22 10:00;2021-05-22 11:30;Wizyta studyjna w Galerii Rondo SZTUKI - wspólne zwiedzanie zadania twórcze;-;-;Dzieci indywidualne;bezpłatne;-;education, art, children, adults;Ewa Kokot;15
281;Muzyczna Scena Edukacyjna;Musical Education Scene;workshop;2021-05-19 13:45;2021-05-19 14:45;Giszowiec, Świetlica Środowiskowa św. Barbary, ul. Młodzieżowa 10;-;-;-;bezpłatne;-;education, art, children, youth;Zdzisław Smucerowicz;16
282;Muzyczna Scena Edukacyjna;Musical Education Scene;workshop;2021-05-17 16:00;2021-05-17 17:00;Świetlica Środowiskowa św. Brata Alberta;-;-;-;bezpłatne;-;education, art, children, youth;Zdzisław Smucerowicz;3
283;FUTURE ARTIST-Konstelacje;Online workshops or creative worksheets;workshop;2021-05-12 18:00;2021-05-12 19:00;warsztaty twócze on-line;-;-;Stowarzyszenie Arteria;bezpłatne;-;education, art, children, adults;Ewa Kokot;23
284;FUTURE ARTIST-Konstelacje;Online workshops or creative worksheets;workshop;2021-05-12 17:00;2021-05-12 18:00;warsztaty twócze on-line;-;-;DPS Orzesze;bezpłatne;-;education, art, children, adults;Ewa Kokot;20
285;Muzyczna Scena Edukacyjna;Musical Education Scene;workshop;2021-05-12 15:30;2021-05-12 16:30;Brynów, Świetlica Specjalistyczna nr 1, ul. Orkana 7a;-;-;-;bezpłatne;-;education, art, children, youth;Zdzisław Smucerowicz;8
286;Muzyczna Scena Edukacyjna;Musical Education Scene;workshop;2021-05-12 13:30;2021-05-12 14:15;Dąb, Świetlica Środowiskowa Caritas, ul. Dębowa 23;-;-;-;bezpłatne;-;education, art, children;Zdzisław Smucerowicz;12
287;Muzyczna Scena Edukacyjna;Musical Education Scene;workshop;2021-05-11 10:30;2021-05-11 11:30;Katolicka Fundacja Dzieciom, ul. Kilińskiego 15, Katowice;-;-;-;bezpłatne;-;education, art, children;Zdzisław Smucerowicz;22
288;Muzyczna Scena Edukacyjna;Musical Education Scene;workshop;2021-05-10 16:00;2021-05-10 17:00;Świetlica Środowiskowa św. Wojciecha, ul. Chopina 14/1;-;-;-;bezpłatne;-;education, art, children, youth;Zdzisław Smucerowicz;7
289;Muzyczna Scena Edukacyjna;Musical Education Scene;workshop;2021-04-27 10:30;2021-04-27 11:30;Katolicka Fundacja Dzieciom, ul. Kilińskiego 15, Katowice;-;-;-;bezpłatne;-;education, art, children;Zdzisław Smucerowicz;22
290;FUTURE ARTIST;online creative workshops;workshop;2021-04-24 10:00;2021-04-24 11:30;warsztaty on-line;-;-;Dzieci indywidualne;bezpłatne;-;education, art, children;Ewa Kokot;15
291;Muzyczna Scena Edukacyjna;Musical Education Scene;workshop;2021-04-22 15:00;2021-04-22 16:00;Szopienice, Świetlica Specjalistyczna nr 2, pl. Powstańców 3;-;-;-;bezpłatne;-;education, art, children, youth;Zdzisław Smucerowicz;6
292;Muzyczna Scena Edukacyjna;Musical Education Scene;workshop;2021-04-21 16:00;2021-04-21 17:00;Brynów, Świetlica Specjalistyczna nr 1, ul. Orkana 7a;-;-;-;bezpłatne;-;education, art, children, youth;Zdzisław Smucerowicz;-
293;Muzyczna Scena Edukacyjna;Musical Education Scene;workshop;2021-04-13 10:30;2021-04-13 11:30;Katolicka Fundacja Dzieciom, ul. Kilińskiego 15, Katowice;-;-;-;bezpłatne;-;education, art, children;Zdzisław Smucerowicz;18
294;FUTURE ARTIST;online creative workshops;workshop;2021-04-10 10:00;2021-04-10 11:30;warsztaty on-line;-;-;Dzieci indywidualne;bezpłatne;-;education, art, children;Ewa Kokot;15
295;Muzyczna Scena Edukacyjna;Musical Education Scene;workshop;2021-03-30 10:30;2021-03-30 11:30;Katolicka Fundacja Dzieciom, ul. Kilińskiego 15, Katowice;-;-;-;bezpłatne;-;education, art, children;Zdzisław Smucerowicz;-
296;Muzyczna Scena Edukacyjna;Musical Education Scene;workshop;2021-03-24 15:00;2021-03-24 16:00;Zawodzie, Świetlica Specjalistyczna nr 5, ul. Czecha 2;-;-;-;bezpłatne;-;education, art, children, youth;Zdzisław Smucerowicz;-
297;FUTURE ARTIST;online creative workshops;workshop;2021-03-22 18:00;2021-03-21 19:00;warsztaty on-line;-;-;Ośrodek Pomocy Społęcznej w Czeladzi;-;-;-;-;11
298;Muzyczna Scena Edukacyjna;Musical Education Scene;workshop;2021-03-22 16:00;2021-03-22 17:00;Świetlica Środowiskowa św. Wojciecha, ul. Chopina 14/1;-;-;-;bezpłatne;-;education, art, children, youth;Zdzisław Smucerowicz;-
299;FUTURE ARTIST;online creative workshops;workshop;2021-03-21 18:00;2021-03-21 19:00;warsztaty on-line;-;-;Szkoła Podstawowa NR 1 w Katowicach;-;-;-;-;20
300;FUTURE ARTIST;online creative workshops;workshop;2021-03-20 12:00;2021-03-20 13:30;warsztaty on-line;-;-;Stowarzyszenie Arteria;-;-;-;-;21
301;FUTURE ARTIST;online creative workshops;workshop;2021-03-20 10:00;2021-03-20 11:30;warsztaty on-line;-;-;-;-;-;-;-;16
302;Muzyczna Scena Edukacyjna;Musical Education Scene;workshop;2021-03-16 10:30;2021-03-16 11:30;Katolicka Fundacja Dzieciom, ul. Kilińskiego 15, Katowice;-;-;-;bezpłatne;-;education, art, children;Zdzisław Smucerowicz;19
303;Muzyczna Scena Edukacyjna;Musical Education Scene;workshop;2021-03-15 16:00;2021-03-15 17:00;Świetlica Środowiskowa św. Brata Alberta;-;-;-;bezpłatne;-;education, art, children, youth;Zdzisław Smucerowicz;6
304;Muzyczna Scena Edukacyjna;Musical Education Scene;workshop;2021-03-08 15:00;2021-03-08 16:30;Murcki, Świetlica Środowiskowa św. Agaty. ul. Solskiego 2;-;-;-;bezpłatne;-;education, art, children, youth;Zdzisław Smucerowicz;17
305;FUTURE ARTIST;online creative workshops;workshop;2021-03-06 12:00;2021-03-06 13:30;warsztaty on-line;-;-;Przedszkole nr 35;-;-;-;-;24
306;FUTURE ARTIST;online creative workshops;workshop;2021-03-06 10:00;2021-03-06 11:30;warsztaty on-line;-;-;-;-;-;-;-;19
307;Muzyczna Scena Edukacyjna;Musical Education Scene;workshop;2021-03-03 13:45;2021-03-03 14:45;Giszowiec, Świetlica Środowiskowa św. Barbary, ul. Młodzieżowa 10;-;-;-;bezpłatne;-;education, art, children, youth;Zdzisław Smucerowicz;12
308;Muzyczna Scena Edukacyjna;Musical Education Scene;workshop;2021-03-02 10:30;2021-03-02 11:30;Katolicka Fundacja Dzieciom, ul. Kilińskiego 15, Katowice;-;-;-;bezpłatne;-;education, art, children;Zdzisław Smucerowicz;22
309;Muzyczna Scena Edukacyjna;Musical Education Scene;workshop;2021-02-23 10:30;2021-02-23 11:15;Katolicka Fundacja Dzieciom, ul. Kilińskiego 15, Katowice;-;-;-;bezpłatne;-;education, art, children;Zdzisław Smucerowicz;19
310;Future Artist;Creative workshops with contemporary art;hybrid event;2021-02-22 10:00;2021-02-22 12:00;przestrzeń wirtualna;-;-;-;bezpłatne;-;education, visual art, children, adults, youth;Ewa Kokot;21
311;Future Artist;Creative workshops with contemporary art;hybrid event;2021-02-21 10:00;2021-02-21 12:00;przestrzeń wirtualna;-;-;-;bezpłatne;-;education, visual art, children, adults, youth;Ewa Kokot;32
312;Future Artist;Creative workshops with contemporary art;hybrid event;2021-02-14 10:00;2021-02-14 12:00;przestrzeń wirtualna;-;-;-;bezpłatne;-;education, visual art, children, adults, youth;Ewa Kokot;12
313;Future Artist;Creative workshops with contemporary art;hybrid event;2021-02-13 10:00;2021-02-13 12:00;przestrzeń wirtualna;-;-;-;bezpłatne;-;education, visual art, children, adults, youth;Ewa Kokot;20
314;Muzyczna Scena Edukacyjna;Musical Education Scene;workshop;2021-02-09 10:30;2021-02-09 11:15;Katolicka Fundacja Dzieciom, ul. Kilińskiego 15, Katowice;-;-;-;bezpłatne;-;education, art, children;Zdzisław Smucerowicz;15
315;Future Artist;Creative workshops with contemporary art;hybrid event;2021-02-07 10:00;2021-02-07 12:00;przestrzeń wirtualna;-;-;-;bezpłatne;-;education, visual art, children, adults, youth;Ewa Kokot;23
316;Future Artist;Creative workshops with contemporary art/ Children's jury around the competition Well Designed Book let's start with children;hybrid event;2021-02-06 10:00;2021-02-06 12:00;przestrzeń wirtualna;-;-;-;bezpłatne;-;education, visual art, children, adults, youth;Ewa Kokot;21
317;„Polish Americans/American Poles. Polscy Amerykanie/Amerykańscy Polacy”;Polish Americans/American Poles. Polscy Amerykanie/Amerykańscy Polacy;outdoor exhibition;2021-05-11 10:00;2021-06-17 19:00;Plac Kwiatowy w Katowicach (rynek miejski);-;-;UM Katowice, Konsulat Generalny Stanów Zjednoczonych w Krakowie, Wiila Decjusza w Krakowie;-;-;exhibition, open-air, international, polish-american, history;Magdalena Orczewska / Łukasz Kałębasiak;-
